id,code,name,description,created,modified,local_id
1,AA-10-IE01,SIST PROTEÇÃO E ATERRAMENTO ELÉTRICO,,2017-01-01 00:00:00.000000,2017-01-01 00:00:00.000000,1
2,AA-10-PD01,PRÉDIO DA ADM INDUSTRIAL,,2017-01-01 00:00:00.000000,2017-01-01 00:00:00.000000,1
3,AA-10-PD02,PRÉDIO BALANÇA PESAGEM CANA E PRODUTOS,,2017-01-01 00:00:00.000000,2017-01-01 00:00:00.000000,1
4,AA-10-PD03,PRÉDIO DO RESTAURANTE,,2017-01-01 00:00:00.000000,2017-01-01 00:00:00.000000,1
5,AA-10-PD04,PRÉDIO TRATAMENTO DE ESGOTO,,2017-01-01 00:00:00.000000,2017-01-01 00:00:00.000000,1
6,AA-10-RR01,EQUIP DESATIVO/SUCATEADOS,,2017-01-01 00:00:00.000000,2017-01-01 00:00:00.000000,1
7,AA-10-SE01,SIST ELÉTRICOS ADM INDUSTRIAL,,2017-01-01 00:00:00.000000,2017-01-01 00:00:00.000000,1
8,AA-10-YA01,SIST AUTOMAÇÃO E CONTR BALANÇA DE CANA,,2017-01-01 00:00:00.000000,2017-01-01 00:00:00.000000,1
9,AA-30-BA01,BALANÇA CANA 1,,2017-01-01 00:00:00.000000,2017-01-01 00:00:00.000000,3
10,AA-30-BA02,BALANÇA CANA 2,,2017-01-01 00:00:00.000000,2017-01-01 00:00:00.000000,3
11,AA-40-VC01,VEICULOS TRANSPORTE INDUSTRIAL,,2017-01-01 00:00:00.000000,2017-01-01 00:00:00.000000,4
12,AA-40-VC02,VEICULOS MEIO AMBIENTE,,2017-01-01 00:00:00.000000,2017-01-01 00:00:00.000000,4
13,AA-40-VC03,VEICULOS ADMINISTRAÇÃO IND.,,2017-01-01 00:00:00.000000,2017-01-01 00:00:00.000000,4
14,AB-10-PD01,"PRÉDIO DOS LABOS PCTS , E INDUSTRIAL",,2017-01-01 00:00:00.000000,2017-01-01 00:00:00.000000,6
15,AB-10-PD02,PRÉDIO LABOS MICROBIOLOGIA,,2017-01-01 00:00:00.000000,2017-01-01 00:00:00.000000,6
16,AB-10-PD03,PRÉDIOS LABORAT INDUSTR E MICROBIOLÓG,,2017-01-01 00:00:00.000000,2017-01-01 00:00:00.000000,6
17,AB-10-RR01,EQUIP RESERVA DOS LABOS,,2017-01-01 00:00:00.000000,2017-01-01 00:00:00.000000,6
18,AB-10-SE01,SIST ELÉTRICOS CONTR DE QUALIDADE/LABOS,,2017-01-01 00:00:00.000000,2017-01-01 00:00:00.000000,6
19,AB-20-LA01,EQUIPAMENTOS LABORATÓRIO PCTS,,2017-01-01 00:00:00.000000,2017-01-01 00:00:00.000000,7
20,AB-20-MR01,HOMOGENIZADOR PCTS,,2017-01-01 00:00:00.000000,2017-01-01 00:00:00.000000,7
21,AB-20-MR02,DESFIBRADOR AMOSTRA 1 PCTS,,2017-01-01 00:00:00.000000,2017-01-01 00:00:00.000000,7
22,AB-20-MR03,DESFIBRADOR AMOSTRA 2 PCTS,,2017-01-01 00:00:00.000000,2017-01-01 00:00:00.000000,7
23,AB-20-MR04,DIGESTOR PCTS,,2017-01-01 00:00:00.000000,2017-01-01 00:00:00.000000,7
24,AB-20-SH01,TOMADOR DE AMOSTRA (SONDA),,2017-01-01 00:00:00.000000,2017-01-01 00:00:00.000000,7
25,AB-20-SH02,TOMADOR DE AMOSTRA (SONDA),,2017-01-01 00:00:00.000000,2017-01-01 00:00:00.000000,7
26,AB-20-SH03,PRENSA HIDRÁULICA 1 PCTS,,2017-01-01 00:00:00.000000,2017-01-01 00:00:00.000000,7
27,AB-20-VC01,VEICULOS LAB. SACAROSE,,2017-01-01 00:00:00.000000,2017-01-01 00:00:00.000000,7
28,AB-30-LA01,EQUIPTOS LABORAT INDUSTRIAL,,2017-01-01 00:00:00.000000,2017-01-01 00:00:00.000000,8
29,AB-30-LA02,EQUIPTOS LABORAT MICROBIOLÓGICO,,2017-01-01 00:00:00.000000,2017-01-01 00:00:00.000000,8
30,AB-30-MR01,DIGESTOR 1 LAB INDL,,2017-01-01 00:00:00.000000,2017-01-01 00:00:00.000000,8
31,AB-30-MR02,DIGESTOR 2 LAB INDL,,2017-01-01 00:00:00.000000,2017-01-01 00:00:00.000000,8
32,AB-30-YA01,PAINEL CONTR MUFLA,,2017-01-01 00:00:00.000000,2017-01-01 00:00:00.000000,8
33,AE-10-PD01,PRÉDIO OFICINA ELÉTRICA E OFIC INSTRUM,,2017-01-01 00:00:00.000000,2017-01-01 00:00:00.000000,9
34,AE-10-SE01,SIST ELÉTRICOS MANUT ELÉTRICA / INSTR,,2017-01-01 00:00:00.000000,2017-01-01 00:00:00.000000,9
35,AE-20-BB01,BOMBA PARA LIMPEZA DE PEÇAS,,2017-01-01 00:00:00.000000,2017-01-01 00:00:00.000000,10
36,AE-20-DP01,EQUIP PADRÃO OFIC ELÉTRICA,,2017-01-01 00:00:00.000000,2017-01-01 00:00:00.000000,10
37,AE-20-DP02,EQUIP MANUT EM GERAL OFIC ELÉTRICA,,2017-01-01 00:00:00.000000,2017-01-01 00:00:00.000000,10
38,AE-20-RR01,EQUIP RESERVA OFIC ELÉTRICA,,2017-01-01 00:00:00.000000,2017-01-01 00:00:00.000000,10
39,AE-20-SH01,PRENSA HIDRÁULICA 40 T OFIC ELETRICA,,2017-01-01 00:00:00.000000,2017-01-01 00:00:00.000000,10
40,AE-30-DP01,EQUIP PADRÃO OFIC INSTR,,2017-01-01 00:00:00.000000,2017-01-01 00:00:00.000000,11
41,AE-30-DP02,EQUIP MANUT EM GERAL OFIC INSTR,,2017-01-01 00:00:00.000000,2017-01-01 00:00:00.000000,11
42,AE-30-RR01,EQUIP RESERVA INSTR,,2017-01-01 00:00:00.000000,2017-01-01 00:00:00.000000,11
43,AE-70-VC01,VEICULOS OFICINA ELÉTRICA,,2017-01-01 00:00:00.000000,2017-01-01 00:00:00.000000,12
44,AM-10-DP01,EQUIP MANUT EM GERAL MANUT MECÂNICA,,2017-01-01 00:00:00.000000,2017-01-01 00:00:00.000000,13
45,AM-10-PD01,PRÉDIO DAS OFICINAS,,2017-01-01 00:00:00.000000,2017-01-01 00:00:00.000000,13
46,AM-10-RR01,EQUIP RESERVA MECÂNICA,,2017-01-01 00:00:00.000000,2017-01-01 00:00:00.000000,13
47,AM-10-SE01,SIST ELÉTRICOS MANUT MECÂNICA,,2017-01-01 00:00:00.000000,2017-01-01 00:00:00.000000,13
48,AM-20-BB01,BBA DE PISTÃO OFIC. MECÂNICA,,2017-01-01 00:00:00.000000,2017-01-01 00:00:00.000000,14
49,AM-20-CP01,COMPRESSOR AR OFIC MECÂNICA,,2017-01-01 00:00:00.000000,2017-01-01 00:00:00.000000,14
50,AM-20-DP01,EQUIP MANUT EM GERAL,,2017-01-01 00:00:00.000000,2017-01-01 00:00:00.000000,14
51,AM-20-MF01,FURADEIRA RADIAL,,2017-01-01 00:00:00.000000,2017-01-01 00:00:00.000000,14
52,AM-20-MF02,PLAINA OFIC MECÂNICA,,2017-01-01 00:00:00.000000,2017-01-01 00:00:00.000000,14
53,AM-20-MF03,SERRA ELÉTRICA,,2017-01-01 00:00:00.000000,2017-01-01 00:00:00.000000,14
54,AM-20-MF04,TORNO UNIVERSAL,,2017-01-01 00:00:00.000000,2017-01-01 00:00:00.000000,14
55,AM-20-MF05,TORNO UNIVERSAL IMOR,,2017-01-01 00:00:00.000000,2017-01-01 00:00:00.000000,14
56,AM-20-MF06,TORNO UNIVERSAL TOS,,2017-01-01 00:00:00.000000,2017-01-01 00:00:00.000000,14
57,AM-20-MF07,TORNO UNIVERSAL IMOR TCN-40,,2017-01-01 00:00:00.000000,2017-01-01 00:00:00.000000,14
58,AM-20-SH01,PRENSA CALDEIRARIA,,2017-01-01 00:00:00.000000,2017-01-01 00:00:00.000000,14
59,AM-30-DP01,EQUIP MANUT EM GERAL CALDEIRARIA,,2017-01-01 00:00:00.000000,2017-01-01 00:00:00.000000,15
60,AM-30-MF01,CALANDRA DIAM. CILINDRO 205MM,,2017-01-01 00:00:00.000000,2017-01-01 00:00:00.000000,15
61,AM-30-MF02,FURADEIRA BANCADA CALDEIRARIA,,2017-01-01 00:00:00.000000,2017-01-01 00:00:00.000000,15
62,AM-30-MF03,FURADEIRA ELETROIMÃ-CALDEIRARIA,,2017-01-01 00:00:00.000000,2017-01-01 00:00:00.000000,15
63,AM-30-MF04,FURADEIRA ELETROIMÃ-CALDEIRARIA,,2017-01-01 00:00:00.000000,2017-01-01 00:00:00.000000,15
64,AM-30-MF05,SERRA POLICORTE CALDEIRARIA,,2017-01-01 00:00:00.000000,2017-01-01 00:00:00.000000,15
65,AM-30-MF06,SERRA POLICORTE CALDEIRARIA,,2017-01-01 00:00:00.000000,2017-01-01 00:00:00.000000,15
66,AM-30-RR01,EQUIPAMENTO RESERVA CALDEIRARIA,,2017-01-01 00:00:00.000000,2017-01-01 00:00:00.000000,15
67,AM-30-SE01,SIST ELÉTRICO CALDERARIA,,2017-01-01 00:00:00.000000,2017-01-01 00:00:00.000000,15
68,AM-30-VC01,VEICULOS CALDEIRARIA,,2017-01-01 00:00:00.000000,2017-01-01 00:00:00.000000,15
69,AM-30-VE01,EXAUSTOR SOLDAGEM FACAS E MARTELOS,,2017-01-01 00:00:00.000000,2017-01-01 00:00:00.000000,15
70,AM-40-BB01,BOMBA DE GRAXA OFIC MECÂNICA DE AUTOS,,2017-01-01 00:00:00.000000,2017-01-01 00:00:00.000000,16
71,AM-40-BB02,BOMBA DE GRAXA OFIC MECÂNICA DE AUTOS,,2017-01-01 00:00:00.000000,2017-01-01 00:00:00.000000,16
72,AM-40-CP01,COMPRESSOR DE AR MECANICA DE AUTOS,,2017-01-01 00:00:00.000000,2017-01-01 00:00:00.000000,16
73,AM-40-DP01,EUIPAMENTOS MANUT EM GERAL OFIC AUTOS,,2017-01-01 00:00:00.000000,2017-01-01 00:00:00.000000,16
74,AM-40-MF01,SERRA POLICORTE MECANICA DE AUTOS,,2017-01-01 00:00:00.000000,2017-01-01 00:00:00.000000,16
75,AM-40-MF02,SERRA ELÉTRICA OFIC MECÂNICA DE AUTOS,,2017-01-01 00:00:00.000000,2017-01-01 00:00:00.000000,16
76,AM-40-SE01,SISTEMA ELÉTRICO OFIC MECÂNICA DE AUTOS,,2017-01-01 00:00:00.000000,2017-01-01 00:00:00.000000,16
77,AM-50-DP01,EQUIP MANUT EM GERAL LUBRIFICAÇÃO,,2017-01-01 00:00:00.000000,2017-01-01 00:00:00.000000,17
78,AM-50-RR01,EQUIPAMENTO RESERVA,,2017-01-01 00:00:00.000000,2017-01-01 00:00:00.000000,17
79,AM-60-DP01,EQUIP MANUT GERAL FER AÇÚCAR,,2017-01-01 00:00:00.000000,2017-01-01 00:00:00.000000,18
80,AM-60-DP02,EQUIP MANUT GERAL FER ÁLCOOL,,2017-01-01 00:00:00.000000,2017-01-01 00:00:00.000000,18
81,AM-70-BB01,BBA ÁGUA 01 LIMPEZA DE PEÇAS (VOLANTE),,2017-01-01 00:00:00.000000,2017-01-01 00:00:00.000000,19
82,AM-70-DP01,EQUIP MANUT GERAL RECEP / LAV CANA,,2017-01-01 00:00:00.000000,2017-01-01 00:00:00.000000,19
83,AM-70-DP02,EQUIP MANUT GERAL MANUT MOENDAS,,2017-01-01 00:00:00.000000,2017-01-01 00:00:00.000000,19
84,AM-70-DP03,EQUIP MANUT GERAL MANUT CALDEIRAS,,2017-01-01 00:00:00.000000,2017-01-01 00:00:00.000000,19
85,AM-70-DP04,DISP MAÇARICO SACAR RODETES ALCOOL,,2017-01-01 00:00:00.000000,2017-01-01 00:00:00.000000,19
86,AM-70-DP05,DISP BASE SOLDA HORIZONTAL CAMISA,,2017-01-01 00:00:00.000000,2017-01-01 00:00:00.000000,19
87,AM-70-MF01,TORNO LIXAMENTO MOENDAS,,2017-01-01 00:00:00.000000,2017-01-01 00:00:00.000000,19
88,AV-10-PD01,"PR DA CARPINTARIA, CIVIL E JATO AREIA",,2017-01-01 00:00:00.000000,2017-01-01 00:00:00.000000,20
89,AV-10-SE01,SIST ELÉTRICOS MANUT COMPLEMENTAR,,2017-01-01 00:00:00.000000,2017-01-01 00:00:00.000000,20
90,AV-20-CP01,COMPRESSOR DE AR MÓVEL MANUTENÇÃO CIVIL,,2017-01-01 00:00:00.000000,2017-01-01 00:00:00.000000,21
91,AV-20-DP01,EQUIP MANUTENÇÃO EM GERAL MANUT CIVIL,,2017-01-01 00:00:00.000000,2017-01-01 00:00:00.000000,21
92,AV-20-MR01,BETONEIRA 1 MANUTENÇÃO CIVIL,,2017-01-01 00:00:00.000000,2017-01-01 00:00:00.000000,21
93,AV-20-VC01,VEICULOS CIVIL,,2017-01-01 00:00:00.000000,2017-01-01 00:00:00.000000,21
94,AV-40-CP01,COMPRESSOR DE AR CARPINTARIA,,2017-01-01 00:00:00.000000,2017-01-01 00:00:00.000000,23
95,AV-40-DP01,EQUIP MANUTENÇÃO EM GERAL CARPINTARIA,,2017-01-01 00:00:00.000000,2017-01-01 00:00:00.000000,23
96,AV-40-MF01,DESENGROSSADEIRA CARPINTARIA,,2017-01-01 00:00:00.000000,2017-01-01 00:00:00.000000,23
97,AV-40-MF02,FURADEIRA HORIZONTAL 1 CARPINTARIA,,2017-01-01 00:00:00.000000,2017-01-01 00:00:00.000000,23
98,AV-40-MF03,LIXADEIRA 1 CARPINTARIA,,2017-01-01 00:00:00.000000,2017-01-01 00:00:00.000000,23
99,AV-40-MF04,PLAINA DESEMPENADEIRA 1 CARPINTARIA,,2017-01-01 00:00:00.000000,2017-01-01 00:00:00.000000,23
100,AV-40-MF05,SERRA CIRCULAR BANCADA FERRO,,2017-01-01 00:00:00.000000,2017-01-01 00:00:00.000000,23
101,AV-40-MF06,SERRA FITA 1 CARPINTARIA,,2017-01-01 00:00:00.000000,2017-01-01 00:00:00.000000,23
102,AV-40-MF07,SERRA RESPINGADEIRA CARPINTARIA,,2017-01-01 00:00:00.000000,2017-01-01 00:00:00.000000,23
103,AV-40-MF08,SERRA DESTOPADEIRA CARPINTARIA,,2017-01-01 00:00:00.000000,2017-01-01 00:00:00.000000,23
104,AV-40-MF09,TORNO CARPINTARIA,,2017-01-01 00:00:00.000000,2017-01-01 00:00:00.000000,23
105,AV-40-MF10,TUPIA CARPINTARIA,,2017-01-01 00:00:00.000000,2017-01-01 00:00:00.000000,23
106,AX-10-PD01,PRÉDIO ADM CENTRAL,,2017-01-01 00:00:00.000000,2017-01-01 00:00:00.000000,24
107,AX-10-PD02,PRÉDIO ENFERMARIA,,2017-01-01 00:00:00.000000,2017-01-01 00:00:00.000000,24
108,AX-10-PD03,PRÉDIO TREINAMENTO,,2017-01-01 00:00:00.000000,2017-01-01 00:00:00.000000,24
109,AX-10-PD04,PRÉDIO ADM AGRÍCOLA,,2017-01-01 00:00:00.000000,2017-01-01 00:00:00.000000,24
110,AX-10-PD05,PRÉDIO ALMOXARIFADO,,2017-01-01 00:00:00.000000,2017-01-01 00:00:00.000000,24
111,AX-10-PD06,PRÉDIO SESMT,,2017-01-01 00:00:00.000000,2017-01-01 00:00:00.000000,24
112,AX-10-PD07,PRÉDIO DO AMBULATÓRIO (CIDADE),,2017-01-01 00:00:00.000000,2017-01-01 00:00:00.000000,24
113,AX-10-PD08,PRÉDIO DA FUNDAÇÃO (CIDADE),,2017-01-01 00:00:00.000000,2017-01-01 00:00:00.000000,24
114,AX-10-SE01,SIST ELÉTRICOS ADM CENTRAL,,2017-01-01 00:00:00.000000,2017-01-01 00:00:00.000000,24
115,AX-10-SE02,SIST ELÉTRICOS ADM AGRÍCOLA,,2017-01-01 00:00:00.000000,2017-01-01 00:00:00.000000,24
116,AX-10-YA01,EQUIP COMUNICAÇÃO,,2017-01-01 00:00:00.000000,2017-01-01 00:00:00.000000,24
117,AX-20-PD01,PRÉDIO DA PORTARIA,,2017-01-01 00:00:00.000000,2017-01-01 00:00:00.000000,25
118,AX-30-IE01,INSTALAÇÕES ELÉTRICAS DA FAZENDA,,2017-01-01 00:00:00.000000,2017-01-01 00:00:00.000000,26
119,AX-30-SB01,ESTAÇÃO BOMB VINHAÇA (MOTORES) BOA VISTA,,2017-01-01 00:00:00.000000,2017-01-01 00:00:00.000000,26
120,AX-30-SB02,ESTAÇÃO BBAMENTO VINHAÇA STA AMÉLIA,,2017-01-01 00:00:00.000000,2017-01-01 00:00:00.000000,26
121,AX-30-VC01,VEÍCULOS TRANSPORTE/COLHEITA,,2017-01-01 00:00:00.000000,2017-01-01 00:00:00.000000,26
122,EA-10-PD01,PRÉDIO DA MOENDA,,2017-01-01 00:00:00.000000,2017-01-01 00:00:00.000000,27
123,EA-10-RR01,EQUIP RESERVA MOENDA,,2017-01-01 00:00:00.000000,2017-01-01 00:00:00.000000,27
124,EA-10-SE01,SIST ELÉTRICOS MOENDA,,2017-01-01 00:00:00.000000,2017-01-01 00:00:00.000000,27
125,EA-10-VC01,VEICULOS PREPARO E MOAGEM,,2017-01-01 00:00:00.000000,2017-01-01 00:00:00.000000,27
126,EA-20-TP01,MESA ALIMENTADORA 15º Nº2,,2017-01-01 00:00:00.000000,2017-01-01 00:00:00.000000,28
127,EA-20-TP02,MESA ALIM. 45º Nº2,,2017-01-01 00:00:00.000000,2017-01-01 00:00:00.000000,28
128,EA-20-TP03,MESA ALIM. 45º Nº1,,2017-01-01 00:00:00.000000,2017-01-01 00:00:00.000000,28
129,EA-20-TP04,MESA DO BARRACÃO 11º Nº5,,2017-01-01 00:00:00.000000,2017-01-01 00:00:00.000000,28
130,EA-20-TP05,MESA DO BARRACÃO 11º Nº7,,2017-01-01 00:00:00.000000,2017-01-01 00:00:00.000000,28
131,EA-20-TP06,ESTEIRA METALICA Nº1,,2017-01-01 00:00:00.000000,2017-01-01 00:00:00.000000,28
132,EA-20-TP07,ESTEIRA METALICA Nº2,,2017-01-01 00:00:00.000000,2017-01-01 00:00:00.000000,28
133,EA-20-TP08,MESA ALIMENTADORA 15º Nº1,,2017-01-01 00:00:00.000000,2017-01-01 00:00:00.000000,28
134,EA-20-TP09,MESA DO BARRACÃO 11º Nº6,,2017-01-01 00:00:00.000000,2017-01-01 00:00:00.000000,28
135,EA-20-TP10,ESTEIRA P/ LIMPEZA MESA 45°,,2017-01-01 00:00:00.000000,2017-01-01 00:00:00.000000,28
136,EA-20-TP11,ESTEIRA TRANSP. METALICA TT01,,2017-01-01 00:00:00.000000,2017-01-01 00:00:00.000000,28
137,EA-20-TP12,ESTEIRA TRANSP. CORREIA TC01,,2017-01-01 00:00:00.000000,2017-01-01 00:00:00.000000,28
138,EA-20-TP13,ESTEIRA TRANSP. CORREIA TC02,,2017-01-01 00:00:00.000000,2017-01-01 00:00:00.000000,28
139,EA-20-TP14,ESTEIRA TRANSP. CORREIA TC03,,2017-01-01 00:00:00.000000,2017-01-01 00:00:00.000000,28
140,EA-20-TP15,ESTEIRA TRANSP. CORREIA TC04,,2017-01-01 00:00:00.000000,2017-01-01 00:00:00.000000,28
141,EA-20-VC01,VEICULOS RECEPÇÃO/MOENDA,,2017-01-01 00:00:00.000000,2017-01-01 00:00:00.000000,28
142,EA-20-VE01,SOPRADOR ESTEIRA METALICA Nº2,,2017-01-01 00:00:00.000000,2017-01-01 00:00:00.000000,28
143,EA-30-CP01,COMPRESSOR DA MOENDA,,2017-01-01 00:00:00.000000,2017-01-01 00:00:00.000000,29
144,EA-30-PP01,NIVELADOR MOENDA,,2017-01-01 00:00:00.000000,2017-01-01 00:00:00.000000,29
145,EA-30-PP02,PICADOR SD-3 MOENDA,,2017-01-01 00:00:00.000000,2017-01-01 00:00:00.000000,29
146,EA-30-PP03,DESFIBRADOR COP-5 MOENDA,,2017-01-01 00:00:00.000000,2017-01-01 00:00:00.000000,29
147,EA-30-PP04,ESPALHADORES DE CANA,,2017-01-01 00:00:00.000000,2017-01-01 00:00:00.000000,29
148,EA-30-SP01,ELETRO IMÃ MOENDA,,2017-01-01 00:00:00.000000,2017-01-01 00:00:00.000000,29
149,EA-30-TP01,ESTEIRA DE CANA DESFIBRADA,,2017-01-01 00:00:00.000000,2017-01-01 00:00:00.000000,29
150,EA-40-AC01,CONJUNTO ACIONAMENTO TERNO 1 MDA,,2017-01-01 00:00:00.000000,2017-01-01 00:00:00.000000,30
151,EA-40-AC02,CONJUNTO ACIONAMENTO TERNO 2 MDA,,2017-01-01 00:00:00.000000,2017-01-01 00:00:00.000000,30
152,EA-40-AC03,CONJUNTO ACIONAMENTO TERNO 3 MDA,,2017-01-01 00:00:00.000000,2017-01-01 00:00:00.000000,30
153,EA-40-AC04,CONJUNTO ACIONAMENTO TERNO 4 MDA,,2017-01-01 00:00:00.000000,2017-01-01 00:00:00.000000,30
154,EA-40-KL01,TROCADOR DE CALOR MOENDA,,2017-01-01 00:00:00.000000,2017-01-01 00:00:00.000000,30
155,EA-40-SB01,SIST EMBEBIÇÃO MOENDA,,2017-01-01 00:00:00.000000,2017-01-01 00:00:00.000000,30
156,EA-40-SB02,SIST BOMB EMBEBIÇÃO AGUA MOENDA,,2017-01-01 00:00:00.000000,2017-01-01 00:00:00.000000,30
157,EA-40-SH01,SIST HIDRÁULICO MOENDA,,2017-01-01 00:00:00.000000,2017-01-01 00:00:00.000000,30
158,EA-40-SH02,SIST LUBRIF MANCAIS VOLANDEIRA E INTERME,,2017-01-01 00:00:00.000000,2017-01-01 00:00:00.000000,30
159,EA-40-SH03,SIST LUBRIF MANCAIS PATENT PINHÃO INTERM,,2017-01-01 00:00:00.000000,2017-01-01 00:00:00.000000,30
160,EA-40-TE01,TERNOS MOENDA,,2017-01-01 00:00:00.000000,2017-01-01 00:00:00.000000,30
161,EA-40-TE02,EIXOS DE MOENDA,,2017-01-01 00:00:00.000000,2017-01-01 00:00:00.000000,30
162,EA-40-TE03,RODETES MOENDA,,2017-01-01 00:00:00.000000,2017-01-01 00:00:00.000000,30
163,EA-40-TP01,ESTEIRA ARRASTE N°1,,2017-01-01 00:00:00.000000,2017-01-01 00:00:00.000000,30
164,EA-40-TP02,ESTEIRA ARRASTE N°2,,2017-01-01 00:00:00.000000,2017-01-01 00:00:00.000000,30
165,EA-40-TP03,ESTEIRA ARRASTE N°3,,2017-01-01 00:00:00.000000,2017-01-01 00:00:00.000000,30
166,EA-40-TP04,PENEIRA ROTATIVA DE CALDO,,2017-01-01 00:00:00.000000,2017-01-01 00:00:00.000000,30
167,EA-40-TP05,TRANSPORTADOR HELICOIDAL  MOENDA,,2017-01-01 00:00:00.000000,2017-01-01 00:00:00.000000,30
168,EA-40-TP06,ESTEIRA RETORNO CUSH-CUSH P/ 1º TERNO,,2017-01-01 00:00:00.000000,2017-01-01 00:00:00.000000,30
169,EA-40-TP07,PONTE ROLANTE MANUT MOENDA,,2017-01-01 00:00:00.000000,2017-01-01 00:00:00.000000,30
170,EA-40-TQ01,SUCCIONADOR DE CALDO 3º TERNO MOENDA,,2017-01-01 00:00:00.000000,2017-01-01 00:00:00.000000,30
171,EA-40-TQ02,SUCCIONADOR DE CALDO 4° TERNO MOENDA,,2017-01-01 00:00:00.000000,2017-01-01 00:00:00.000000,30
172,EA-40-TQ03,TANQUE DE ÁGUA REFRIGERAÇÃO DOS MANCAIS,,2017-01-01 00:00:00.000000,2017-01-01 00:00:00.000000,30
173,EA-40-TQ04,SUCCIONADOR DE CALDO 2° TERNO MOENDA,,2017-01-01 00:00:00.000000,2017-01-01 00:00:00.000000,30
174,EA-40-TU01,TUBULACAO MOENDA 1,,2017-01-01 00:00:00.000000,2017-01-01 00:00:00.000000,30
175,ER-10-PD01,PRÉDIOS DA RECEPÇÃO DE CANA,,2017-01-01 00:00:00.000000,2017-01-01 00:00:00.000000,31
176,ER-10-RR01,EQUIP RESERVA,,2017-01-01 00:00:00.000000,2017-01-01 00:00:00.000000,31
177,ER-10-SE01,SIST ELÉTRICOS RECEPÇÃO DE CANA,,2017-01-01 00:00:00.000000,2017-01-01 00:00:00.000000,31
178,ER-20-SH01,GARRA HIDRÁULICA 1,,2017-01-01 00:00:00.000000,2017-01-01 00:00:00.000000,32
179,ER-20-SH02,GARRA HIDRÁULICA 2,,2017-01-01 00:00:00.000000,2017-01-01 00:00:00.000000,32
180,ER-20-TP01,TOMBADOR HILLO N°1,,2017-01-01 00:00:00.000000,2017-01-01 00:00:00.000000,32
181,ER-20-TP02,PONTE ROLANTE 01 BARRACÃO,,2017-01-01 00:00:00.000000,2017-01-01 00:00:00.000000,32
182,ER-20-TP03,PONTE ROLANTE 02 BARRACÃO,,2017-01-01 00:00:00.000000,2017-01-01 00:00:00.000000,32
183,ER-20-TP04,TOMBADOR HILLO N°2,,2017-01-01 00:00:00.000000,2017-01-01 00:00:00.000000,32
184,ER-30-SB01,SIST BOMB AGUAS RESIDUAIS LAVAGEM CANA,,2017-01-01 00:00:00.000000,2017-01-01 00:00:00.000000,33
185,ER-30-SB02,SIST BOMBEAMENTO AGUAS RESIDUAIS,,2017-01-01 00:00:00.000000,2017-01-01 00:00:00.000000,33
186,ER-30-TP01,CUSH-CUSH PALHA,,2017-01-01 00:00:00.000000,2017-01-01 00:00:00.000000,33
187,ER-30-TQ01,DECANTAÇÃO ÁGUA LAVAGEM CANA,,2017-01-01 00:00:00.000000,2017-01-01 00:00:00.000000,33
188,ER-30-TU01,TUBULACAO AGUA SISTEMA LAVAGEM CANA,,2017-01-01 00:00:00.000000,2017-01-01 00:00:00.000000,33
189,ER-30-TU02,"TUB LEITE CAL, LODO SIST LAVAGEM CANA",,2017-01-01 00:00:00.000000,2017-01-01 00:00:00.000000,33
190,ER-30-YM01,MALHA ABERTA OP VÁLVULAS ÁGUA MESAS 45º,,2017-01-01 00:00:00.000000,2017-01-01 00:00:00.000000,33
191,FA-10-DP01,EQUIP DE MANUT FABRICAÇÃO DE AÇÚCAR,,2017-01-01 00:00:00.000000,2017-01-01 00:00:00.000000,35
192,FA-10-PD01,PRÉDIO DO TRATAMENTO DE CALDO,,2017-01-01 00:00:00.000000,2017-01-01 00:00:00.000000,35
193,FA-10-RR01,EQUIP RESERVA FABRICAÇÃO DE AÇÚCAR,,2017-01-01 00:00:00.000000,2017-01-01 00:00:00.000000,35
194,FA-10-SE01,SIST ELÉTRICOS TRATAMENTO DE CALDO,,2017-01-01 00:00:00.000000,2017-01-01 00:00:00.000000,35
195,FA-20-SB01,BOMBEAMENTO DE CALDO P/ F. MOENDA,,2017-01-01 00:00:00.000000,2017-01-01 00:00:00.000000,36
196,FA-20-TU01,TUBULACAO RECEPCAO DE CALDO,,2017-01-01 00:00:00.000000,2017-01-01 00:00:00.000000,36
197,FA-30-CN01,COLUNA DE SULFITAÇÃO,,2017-01-01 00:00:00.000000,2017-01-01 00:00:00.000000,37
198,FA-40-SB01,SIST BOMB CALDO CALEADO FABRIC AÇUCAR,,2017-01-01 00:00:00.000000,2017-01-01 00:00:00.000000,38
199,FA-40-TU02,TUBULAÇÃO DE ÁGUA CALEAGEM DE CALDO,,2017-01-01 00:00:00.000000,2017-01-01 00:00:00.000000,38
200,FA-40-TU03,TUBULAÇÃO DE CAL CALEAGEM DE CALDO,,2017-01-01 00:00:00.000000,2017-01-01 00:00:00.000000,38
201,FA-40-TU04,TUBULAÇÃO CALDO CALEAGEM DE CALDO,,2017-01-01 00:00:00.000000,2017-01-01 00:00:00.000000,38
202,FA-50-DP01,EQUIP LIMP OPERATIVA DOS AQUECEDORES,,2017-01-01 00:00:00.000000,2017-01-01 00:00:00.000000,39
203,FA-50-KL01,"AQUEC CALDO VEGETAL JG 1 9,10,11",,2017-01-01 00:00:00.000000,2017-01-01 00:00:00.000000,39
204,FA-50-KL02,"AQUEC CALDO-VEGETAL 2 1,2,3,4,5,6,7,8",,2017-01-01 00:00:00.000000,2017-01-01 00:00:00.000000,39
205,FA-50-KL03,REGENERADOR,,2017-01-01 00:00:00.000000,2017-01-01 00:00:00.000000,39
206,FA-50-TU01,TUBULAÇÃO CALDO AQUECIMENTO DE CALDO,,2017-01-01 00:00:00.000000,2017-01-01 00:00:00.000000,39
207,FA-50-TU02,TUBULAÇÃO VAPOR AQUECIMENTO DE CALDO,,2017-01-01 00:00:00.000000,2017-01-01 00:00:00.000000,39
208,FA-50-TU03,TUBULAÇÃO ÁGUA CONDENSADA AQUEC CALDO,,2017-01-01 00:00:00.000000,2017-01-01 00:00:00.000000,39
209,FA-60-DC01,DECANTADOR CALDO Nº1,,2017-01-01 00:00:00.000000,2017-01-01 00:00:00.000000,40
210,FA-60-DC02,DECANTADOR CALDO Nº2,,2017-01-01 00:00:00.000000,2017-01-01 00:00:00.000000,40
211,FA-60-DC03,DECANTADOR CALDO 3,,2017-01-01 00:00:00.000000,2017-01-01 00:00:00.000000,40
212,FA-60-TQ01,BALÕES FLASH CALDO,,2017-01-01 00:00:00.000000,2017-01-01 00:00:00.000000,40
213,FA-60-TU01,TUBULAÇÃO CALDO DECANTAÇÃO CALDO,,2017-01-01 00:00:00.000000,2017-01-01 00:00:00.000000,40
214,FA-60-TU02,TUBULAÇÃO ÁGUA DECANTAÇÃO CALDO,,2017-01-01 00:00:00.000000,2017-01-01 00:00:00.000000,40
215,FA-70-PN01,PENEIRAS ESTÁTICAS,,2017-01-01 00:00:00.000000,2017-01-01 00:00:00.000000,41
216,FA-70-SB01,SIST BOMB CALDO CLARIFICADO,,2017-01-01 00:00:00.000000,2017-01-01 00:00:00.000000,41
217,FA-70-TU01,TUBULAÇÃO CALDO CALDO CLARIFICADO,,2017-01-01 00:00:00.000000,2017-01-01 00:00:00.000000,41
218,FA-80-FP01,FILTRO PRENSA FÁBRICA,,2017-01-01 00:00:00.000000,2017-01-01 00:00:00.000000,42
219,FA-80-FR01,FILTRO ROTATIVO 1- 8 X 16,,2017-01-01 00:00:00.000000,2017-01-01 00:00:00.000000,42
220,FA-80-FR02,FILTRO ROTATIVO 2 8 X 16,,2017-01-01 00:00:00.000000,2017-01-01 00:00:00.000000,42
221,FA-80-FR03,FILTRO ROTATIVO 3 10 X 20,,2017-01-01 00:00:00.000000,2017-01-01 00:00:00.000000,42
222,FA-80-RSF1,ROSCA SEM FIM DO FILTRO PRENSA,,2017-01-01 00:00:00.000000,2017-01-01 00:00:00.000000,42
223,FA-80-SB01,SIST PREPARO E BOMBEAMENTO LODO,,2017-01-01 00:00:00.000000,2017-01-01 00:00:00.000000,42
224,FA-80-SB02,SIST BOMBEAMENTO F.ROTATIVOS/F. PRENSA,,2017-01-01 00:00:00.000000,2017-01-01 00:00:00.000000,42
225,FA-80-SB03,BOMBEAMENTO CALDO FILTRADO BAIXO VÁCUO,,2017-01-01 00:00:00.000000,2017-01-01 00:00:00.000000,42
226,FA-80-SB04,"BOMBEA. CAL, CALDO E POLÍMERO F PRENSA",,2017-01-01 00:00:00.000000,2017-01-01 00:00:00.000000,42
227,FA-80-TP01,ROSCA MISTURADORA DE LODO E BAGACILHOS,,2017-01-01 00:00:00.000000,2017-01-01 00:00:00.000000,42
228,FA-80-TQ01,COMPORTA DOS FILTROS 1 E 2,,2017-01-01 00:00:00.000000,2017-01-01 00:00:00.000000,42
229,FA-80-TQ02,COMPORTA DOS FILTROS 3 E PRENSA,,2017-01-01 00:00:00.000000,2017-01-01 00:00:00.000000,42
230,FA-80-TU01,TUBULACAO FILTRACAO DE LODO,,2017-01-01 00:00:00.000000,2017-01-01 00:00:00.000000,42
231,FA-80-TU02,TUBULAÇÃO ÁGUA CONDENS FILTRA. LODO,,2017-01-01 00:00:00.000000,2017-01-01 00:00:00.000000,42
232,FA-80-TU03,TUBULAÇÃO ÁGUA FRIA FILTRAÇÃO DE LODO,,2017-01-01 00:00:00.000000,2017-01-01 00:00:00.000000,42
233,FA-80-VE01,VENTILADOR BAGAÇILHO DOS FILTROS,,2017-01-01 00:00:00.000000,2017-01-01 00:00:00.000000,42
234,FB-10-PD01,PRÉDIO DA EVAP CALDO E TRATAM XAROPE,,2017-01-01 00:00:00.000000,2017-01-01 00:00:00.000000,43
235,FB-10-SE01,SIST ELÉTR EVAPOR CALDO E TRATAM XAROPE,,2017-01-01 00:00:00.000000,2017-01-01 00:00:00.000000,43
236,FB-20-CB01,COLUNAS BAROMÉTRICAS EVAPORAÇÃO,,2017-01-01 00:00:00.000000,2017-01-01 00:00:00.000000,44
237,FB-20-CXPE,CAIXA DE PRODUTO EVAPORAÇÃO,,2017-01-01 00:00:00.000000,2017-01-01 00:00:00.000000,44
238,FB-20-DP01,EQUIP LIMPEZA OPERATIVA EVAPOR CALDO,,2017-01-01 00:00:00.000000,2017-01-01 00:00:00.000000,44
239,FB-20-EV01,PRÉ-EVAPORADOR CALDO A1,,2017-01-01 00:00:00.000000,2017-01-01 00:00:00.000000,44
240,FB-20-EV02,EVAPORAÇÃO A2,,2017-01-01 00:00:00.000000,2017-01-01 00:00:00.000000,44
241,FB-20-EV03,EVAPORAÇÃO A3,,2017-01-01 00:00:00.000000,2017-01-01 00:00:00.000000,44
242,FB-20-EV04,EVAPORAÇÃO A4,,2017-01-01 00:00:00.000000,2017-01-01 00:00:00.000000,44
243,FB-20-EV05,PRÉ-EVAPORADOR CALDO B1,,2017-01-01 00:00:00.000000,2017-01-01 00:00:00.000000,44
244,FB-20-EV06,EVAPORAÇÃO B2,,2017-01-01 00:00:00.000000,2017-01-01 00:00:00.000000,44
245,FB-20-EV07,EVAPORAÇÃO B3,,2017-01-01 00:00:00.000000,2017-01-01 00:00:00.000000,44
246,FB-20-EV08,EVAPORAÇÃO B4,,2017-01-01 00:00:00.000000,2017-01-01 00:00:00.000000,44
247,FB-20-EV09,EVAPORAÇÃO B5,,2017-01-01 00:00:00.000000,2017-01-01 00:00:00.000000,44
248,FB-20-EV10,EVAPORAÇÃO B6,,2017-01-01 00:00:00.000000,2017-01-01 00:00:00.000000,44
249,FB-20-MJ01,MULTIJATO DE VAPOR VEGETAL,,2017-01-01 00:00:00.000000,2017-01-01 00:00:00.000000,44
250,FB-20-SA01,SEPARADORES DE ARRASTE EVAPORAÇÃO,,2017-01-01 00:00:00.000000,2017-01-01 00:00:00.000000,44
251,FB-20-SB01,SIST BBA VÁCUO EVAPORAÇÃO,,2017-01-01 00:00:00.000000,2017-01-01 00:00:00.000000,44
252,FB-20-SB02,BOMBEAMENTO XAROPE EVAPORAÇÃO,,2017-01-01 00:00:00.000000,2017-01-01 00:00:00.000000,44
253,FB-20-SB03,BOMBEAMENTO DE ÁGUA FRIA,,2017-01-01 00:00:00.000000,2017-01-01 00:00:00.000000,44
254,FB-20-TU01,TUBULACAO EVAPORACAO DO CALDO,,2017-01-01 00:00:00.000000,2017-01-01 00:00:00.000000,44
255,FB-20-TU02,TUBULAÇÃO ÁGUA CONDENSADA EVAPORAÇÃO,,2017-01-01 00:00:00.000000,2017-01-01 00:00:00.000000,44
256,FB-20-TU03,TUBULAÇÃO ÁGUA FRIA EVAPORAÇÃO,,2017-01-01 00:00:00.000000,2017-01-01 00:00:00.000000,44
257,FB-20-TU04,TUBULAÇÃO VAPOR DE ESCAPE EVAPORAÇÃO,,2017-01-01 00:00:00.000000,2017-01-01 00:00:00.000000,44
258,FC-10-PD01,PRÉDIO DO COZIM E CRISTALIZA DE AÇÚCAR,,2017-01-01 00:00:00.000000,2017-01-01 00:00:00.000000,45
259,FC-10-SE01,SISTEMA ELÉTRICO,,2017-01-01 00:00:00.000000,2017-01-01 00:00:00.000000,45
260,FC-20-CB01,COLUNAS BAROMÉTRICAS COZIMENTO,,2017-01-01 00:00:00.000000,2017-01-01 00:00:00.000000,46
261,FC-20-CZ01,COZEDOR Nº 01 MASSA A,,2017-01-01 00:00:00.000000,2017-01-01 00:00:00.000000,46
262,FC-20-CZ02,COZEDOR Nº 02 MASSA A,,2017-01-01 00:00:00.000000,2017-01-01 00:00:00.000000,46
263,FC-20-CZ03,COZEDOR Nº 03 MASSA A,,2017-01-01 00:00:00.000000,2017-01-01 00:00:00.000000,46
264,FC-20-CZ04,COZEDOR Nº 04 MASSA A,,2017-01-01 00:00:00.000000,2017-01-01 00:00:00.000000,46
265,FC-20-CZ05,COZEDOR Nº6 MASSA A,,2017-01-01 00:00:00.000000,2017-01-01 00:00:00.000000,46
266,FC-20-CZ06,COZEDOR Nº 06 MASSA A,,2017-01-01 00:00:00.000000,2017-01-01 00:00:00.000000,46
267,FC-20-SA01,SEPARADORES DE ARRASTE COZIMENTO,,2017-01-01 00:00:00.000000,2017-01-01 00:00:00.000000,46
268,FC-20-SB01,SISTEMA BOMBEAMENTO COZEDORES MASSA A,,2017-01-01 00:00:00.000000,2017-01-01 00:00:00.000000,46
269,FC-20-TQ01,TANQUE XAROPE COZIMENTO MASSA A,,2017-01-01 00:00:00.000000,2017-01-01 00:00:00.000000,46
270,FC-20-TQ02,TAMBOR MAGMA COZIMENTO MASSA A,,2017-01-01 00:00:00.000000,2017-01-01 00:00:00.000000,46
271,FC-20-TQ03,SIST DILUIÇÃO MEL P/ COZIMENTO MASSA A,,2017-01-01 00:00:00.000000,2017-01-01 00:00:00.000000,46
272,FC-20-TU01,TUBULACAO DE VÁCUO,,2017-01-01 00:00:00.000000,2017-01-01 00:00:00.000000,46
273,FC-20-TU02,TUBULAÇÃO ÁGUA CONDENSADA COZIMENTO,,2017-01-01 00:00:00.000000,2017-01-01 00:00:00.000000,46
274,FC-20-TU03,TUBULAÇÃO VAPOR VEGETAL COZIMENTO,,2017-01-01 00:00:00.000000,2017-01-01 00:00:00.000000,46
275,FC-20-TU04,TUBULAÇÃO ÁGUA FRIA COZIMENTO,,2017-01-01 00:00:00.000000,2017-01-01 00:00:00.000000,46
276,FC-20-TU05,TUBULAÇÃO XAROPE COZIMENTO,,2017-01-01 00:00:00.000000,2017-01-01 00:00:00.000000,46
277,FC-20-TU06,TUBULAÇÃO MEL RICO COZIMENTO,,2017-01-01 00:00:00.000000,2017-01-01 00:00:00.000000,46
278,FC-20-TU07,TUBULAÇÃO MEL POBRE COZIMENTO,,2017-01-01 00:00:00.000000,2017-01-01 00:00:00.000000,46
279,FC-20-TU08,TUBULAÇÃO MEL FINAL COZIMENTO,,2017-01-01 00:00:00.000000,2017-01-01 00:00:00.000000,46
280,FC-30-CT01,CRISTALIZADOR MASSA A Nº1,,2017-01-01 00:00:00.000000,2017-01-01 00:00:00.000000,47
281,FC-30-CT02,CRISTALIZADOR MASSA A Nº2,,2017-01-01 00:00:00.000000,2017-01-01 00:00:00.000000,47
282,FC-30-CT03,CRISTALIZADOR MASSA A Nº3,,2017-01-01 00:00:00.000000,2017-01-01 00:00:00.000000,47
283,FC-30-CT04,CRISTALIZADOR MASSA A Nº4,,2017-01-01 00:00:00.000000,2017-01-01 00:00:00.000000,47
284,FC-30-CT05,CRISTALIZADOR MASSA A Nº5,,2017-01-01 00:00:00.000000,2017-01-01 00:00:00.000000,47
285,FC-30-CT06,CRISTALIZADOR MASSA A Nº6,,2017-01-01 00:00:00.000000,2017-01-01 00:00:00.000000,47
286,FC-30-CT07,CRISTALIZADOR MASSA A Nº7,,2017-01-01 00:00:00.000000,2017-01-01 00:00:00.000000,47
287,FC-30-CT08,CRISTALIZADOR MASSA A Nº8,,2017-01-01 00:00:00.000000,2017-01-01 00:00:00.000000,47
288,FC-30-CT09,CRISTALIZADOR MASSA A Nº9,,2017-01-01 00:00:00.000000,2017-01-01 00:00:00.000000,47
289,FC-30-CT10,CRISTALIZADOR MASSA A Nº10,,2017-01-01 00:00:00.000000,2017-01-01 00:00:00.000000,47
290,FC-30-CT11,CRISTALIZADOR MASSA A Nº11,,2017-01-01 00:00:00.000000,2017-01-01 00:00:00.000000,47
291,FC-40-CZ01,COZEDOR Nº5 MASSA B,,2017-01-01 00:00:00.000000,2017-01-01 00:00:00.000000,48
292,FC-40-CZ02,COZEDOR Nº7 MASSA B,,2017-01-01 00:00:00.000000,2017-01-01 00:00:00.000000,48
293,FC-40-CZ05,COZEDOR Nº 05 MASSA B,,2017-01-01 00:00:00.000000,2017-01-01 00:00:00.000000,48
294,FC-40-CZ07,COZEDOR Nº 07 MASSA B,,2017-01-01 00:00:00.000000,2017-01-01 00:00:00.000000,48
295,FC-40-SB01,SISTEMA BOMBEAMENTO COZEDORES MASSA B,,2017-01-01 00:00:00.000000,2017-01-01 00:00:00.000000,48
296,FC-40-TQ01,TANQUES MEL RICO E POBRE,,2017-01-01 00:00:00.000000,2017-01-01 00:00:00.000000,48
297,FC-40-TU01,TUBULACAO COZIMENTO DE MASSA B E C,,2017-01-01 00:00:00.000000,2017-01-01 00:00:00.000000,48
298,FC-50-CT01,CRISTALIZADOR MASSA A Nº12,,2017-01-01 00:00:00.000000,2017-01-01 00:00:00.000000,49
299,FC-50-CT02,CRISTALIZADOR MASSA A Nº13,,2017-01-01 00:00:00.000000,2017-01-01 00:00:00.000000,49
300,FC-50-CT03,CRISTALIZADOR MASSA A Nº14,,2017-01-01 00:00:00.000000,2017-01-01 00:00:00.000000,49
301,FC-50-CT04,CRISTALIZADOR AGUA FERVIDA COZEDOR Nº15,,2017-01-01 00:00:00.000000,2017-01-01 00:00:00.000000,49
302,FC-50-CT05,CRISTALIZADOR AGUA FERVIDA COZEDOR Nº16,,2017-01-01 00:00:00.000000,2017-01-01 00:00:00.000000,49
303,FC-50-CT06,CRISTALIZADOR AGUA FERVIDA COZEDOR Nº17,,2017-01-01 00:00:00.000000,2017-01-01 00:00:00.000000,49
304,FC-50-CT07,CRISTALIZADOR AGUA FERVIDA COZEDOR Nº18,,2017-01-01 00:00:00.000000,2017-01-01 00:00:00.000000,49
305,FG-10-PD01,PR DA CENTRIFUGAÇÃO/SECAGEM DE AÇÚCAR,,2017-01-01 00:00:00.000000,2017-01-01 00:00:00.000000,50
306,FG-10-SE01,SIST ELÉTR CENTRIFUGAÇÃO/SECAGEM AÇÚCAR,,2017-01-01 00:00:00.000000,2017-01-01 00:00:00.000000,50
307,FG-10-YA01,SIST AUTOMAÇÃO DE SECAGEM AÇÚCAR,,2017-01-01 00:00:00.000000,2017-01-01 00:00:00.000000,50
308,FG-20-CF01,CENTRÍFUGA BMA P-650 Nº1,,2017-01-01 00:00:00.000000,2017-01-01 00:00:00.000000,51
309,FG-20-CF02,CENTRÍFUGA BMA P-650 Nº2,,2017-01-01 00:00:00.000000,2017-01-01 00:00:00.000000,51
310,FG-20-CF03,CENTRÍFUGA BMA P-650 Nº3,,2017-01-01 00:00:00.000000,2017-01-01 00:00:00.000000,51
311,FG-20-CF04,CENTRÍFUGA BMA P-650 Nº4,,2017-01-01 00:00:00.000000,2017-01-01 00:00:00.000000,51
312,FG-20-CF05,CENTRÍFUGA BMA P-650 Nº5,,2017-01-01 00:00:00.000000,2017-01-01 00:00:00.000000,51
313,FG-20-CF06,CENTRÍFUGA VETEK VK-750 Nº6,,2017-01-01 00:00:00.000000,2017-01-01 00:00:00.000000,51
314,FG-20-DP01,SIST TALHA ELETR P/ DESMONTAR CENTRIFUGA,,2017-01-01 00:00:00.000000,2017-01-01 00:00:00.000000,51
315,FG-20-SB01,SIST BOMBEAMENTO MEL,,2017-01-01 00:00:00.000000,2017-01-01 00:00:00.000000,51
316,FG-20-SB02,SIST ÁGUA QUENTE LAV. CENTRÍFUGAS,,2017-01-01 00:00:00.000000,2017-01-01 00:00:00.000000,51
317,FG-20-SC01,SIST DE INSUFLAM AR CENTRÍFUGAS AÇÚCAR,,2017-01-01 00:00:00.000000,2017-01-01 00:00:00.000000,51
318,FG-20-TP01,ESTEIRA TRANSP DE AÇÚCAR,,2017-01-01 00:00:00.000000,2017-01-01 00:00:00.000000,51
319,FG-20-TP02,ESTEIRA DO FUNIL,,2017-01-01 00:00:00.000000,2017-01-01 00:00:00.000000,51
320,FG-20-TP03,MALAXEIROS DAS BMA 1 E 2,,2017-01-01 00:00:00.000000,2017-01-01 00:00:00.000000,51
321,FG-20-TP04,MALAXEIROS DAS BMA 3 E 4,,2017-01-01 00:00:00.000000,2017-01-01 00:00:00.000000,51
322,FG-20-TP05,MALAXEIROS DAS BMA E VETEK,,2017-01-01 00:00:00.000000,2017-01-01 00:00:00.000000,51
323,FG-20-TQ01,TANQUE QUAD  MEL RICO E POBRE CENTR A,,2017-01-01 00:00:00.000000,2017-01-01 00:00:00.000000,51
324,FG-20-TU01,TUBULACAO CENTRIFUGACAO DE MASSA A,,2017-01-01 00:00:00.000000,2017-01-01 00:00:00.000000,51
325,FG-30-CF01,CENTRIFUGA CONTINUA KONT 6 Nº 1,,2017-01-01 00:00:00.000000,2017-01-01 00:00:00.000000,52
326,FG-30-CF02,CENTRIFUGA CONTINUA KONT 6 Nº 2,,2017-01-01 00:00:00.000000,2017-01-01 00:00:00.000000,52
327,FG-30-CF03,CENTRIFUGA CONTINUA KONT 6 Nº 3,,2017-01-01 00:00:00.000000,2017-01-01 00:00:00.000000,52
328,FG-30-CF04,CENTRIFUGA CONTINUA KONT 6 Nº 4,,2017-01-01 00:00:00.000000,2017-01-01 00:00:00.000000,52
329,FG-30-CF05,CENTRIFUGA CONTINUA KONT 6 Nº 5,,2017-01-01 00:00:00.000000,2017-01-01 00:00:00.000000,52
330,FG-30-CF06,CENTRIFUGA CONTINUA KONT 10,,2017-01-01 00:00:00.000000,2017-01-01 00:00:00.000000,52
331,FG-30-SB01,BOMBEAMENTO DE MEL FINAL,,2017-01-01 00:00:00.000000,2017-01-01 00:00:00.000000,52
332,FG-30-SB02,SIST DE BBAS DE MAGMA,,2017-01-01 00:00:00.000000,2017-01-01 00:00:00.000000,52
333,FG-30-SB03,SIST BOMB MEL FINAL TANQUE PULMÃO 1 E 2,,2017-01-01 00:00:00.000000,2017-01-01 00:00:00.000000,52
334,FG-30-TP01,MALACHE DAS CENTRIFUGAS KONT 6,,2017-01-01 00:00:00.000000,2017-01-01 00:00:00.000000,52
335,FG-30-TP02,MALACHE DA KONT 6 Nº 2,,2017-01-01 00:00:00.000000,2017-01-01 00:00:00.000000,52
336,FG-30-TP03,MALACHE DA KONT 6 Nº 3,,2017-01-01 00:00:00.000000,2017-01-01 00:00:00.000000,52
337,FG-30-TP04,TRANSP HELICOIDAL  MASSA KONT 6 N°1 E 2,,2017-01-01 00:00:00.000000,2017-01-01 00:00:00.000000,52
338,FG-30-TP05,TRANSP HELICOIDAL DE MASSA KONT 6 3,,2017-01-01 00:00:00.000000,2017-01-01 00:00:00.000000,52
339,FG-30-TP06,TRANS HELICOIDAL DE MASSA KONT 6 4 5,,2017-01-01 00:00:00.000000,2017-01-01 00:00:00.000000,52
340,FG-30-TP07,MALACHE DAS CENTRIFUGAS KONT 10,,2017-01-01 00:00:00.000000,2017-01-01 00:00:00.000000,52
341,FG-30-TP08,TRANSP HELICOIDAL DE MASSA KONT 10,,2017-01-01 00:00:00.000000,2017-01-01 00:00:00.000000,52
342,FG-30-TU01,TUBULACAO CENTRIFUGACAO DE MASSA B E C,,2017-01-01 00:00:00.000000,2017-01-01 00:00:00.000000,52
343,FG-40-PN01,PENEIRA VIBRATORIA DE AÇUCAR 1,,2017-01-01 00:00:00.000000,2017-01-01 00:00:00.000000,53
344,FG-40-PN02,PENEIRA VIBRATORIA DE AÇUCAR Nº2,,2017-01-01 00:00:00.000000,2017-01-01 00:00:00.000000,53
345,FG-40-SA01,SECADOR AÇÚCAR CRISTAL,,2017-01-01 00:00:00.000000,2017-01-01 00:00:00.000000,53
346,FG-40-SB01,SISTEMA DE LAVAGEM DE PÓ,,2017-01-01 00:00:00.000000,2017-01-01 00:00:00.000000,53
347,FG-40-TP01,TRANSP TC SAÍD CENTRÍF AÇÚCAR P/ SECADOR,,2017-01-01 00:00:00.000000,2017-01-01 00:00:00.000000,53
348,FG-40-TP02,TRANSP. HELICOIDAL DE AÇUCAR SEM FIM ARM,,2017-01-01 00:00:00.000000,2017-01-01 00:00:00.000000,53
349,FG-40-TP03,ELEVADOR CANECAS AÇÚCAR,,2017-01-01 00:00:00.000000,2017-01-01 00:00:00.000000,53
350,FG-40-TU01,TUBULACAO SECAGEM DE ACUCAR,,2017-01-01 00:00:00.000000,2017-01-01 00:00:00.000000,53
351,FG-40-VE01,VENTILADOR SECADOR AÇÚCAR CRISTAL,,2017-01-01 00:00:00.000000,2017-01-01 00:00:00.000000,53
352,FG-40-VE02,EXAUSTOR SECADOR AÇÚCAR CRISTAL,,2017-01-01 00:00:00.000000,2017-01-01 00:00:00.000000,53
353,FX-10-IE01,SIST ELÉTRICOS ENSAQUE DE AÇÚCAR,,2017-01-01 00:00:00.000000,2017-01-01 00:00:00.000000,54
354,FX-10-PD01,PRÉDIO DO ENSACAMENTO DE AÇÚCAR,,2017-01-01 00:00:00.000000,2017-01-01 00:00:00.000000,54
355,FX-20-SP01,SEPARADOR MAGNÉTICO 1 AÇÚCAR CRISTAL,,2017-01-01 00:00:00.000000,2017-01-01 00:00:00.000000,55
356,FX-20-SP02,SEPARADOR MAGNÉTICO 2 AÇÚCAR CRISTAL,,2017-01-01 00:00:00.000000,2017-01-01 00:00:00.000000,55
357,FX-20-TP01,ELEVADOR CANECAS SAÍDA SECADOR AÇÚCAR,,2017-01-01 00:00:00.000000,2017-01-01 00:00:00.000000,55
358,FX-30-TP01,ESTEIRA DE AÇUCAR SAIDA DO FUNIL,,2017-01-01 00:00:00.000000,2017-01-01 00:00:00.000000,56
359,FX-30-TP02,ESTEIRA DE CARREGAMENTO DE AÇUCAR VHP,,2017-01-01 00:00:00.000000,2017-01-01 00:00:00.000000,56
360,FZ-10-PD01,PRÉDIO SIST AUXILIARES FABR. AÇÚCAR,,2017-01-01 00:00:00.000000,2017-01-01 00:00:00.000000,57
361,FZ-10-SE01,SIST ELÉTR SIST AUXILIARES FAB. AÇÚCAR,,2017-01-01 00:00:00.000000,2017-01-01 00:00:00.000000,57
362,FZ-20-SB01,SIST BOMB ÁGUA RESFRI F. AÇÚCAR,,2017-01-01 00:00:00.000000,2017-01-01 00:00:00.000000,58
363,FZ-20-SC01,SISTEMA DE ASPERSÃO F.AÇÚCAR,,2017-01-01 00:00:00.000000,2017-01-01 00:00:00.000000,58
364,FZ-20-TU01,TUB AGUA QUENTE SIST RESFR. FAB ACUCAR,,2017-01-01 00:00:00.000000,2017-01-01 00:00:00.000000,58
365,FZ-30-SB01,SISTEMA DE PREPARO DA CAL,,2017-01-01 00:00:00.000000,2017-01-01 00:00:00.000000,59
366,FZ-30-SB02,BOMB CAL DILUÍDO FABRICAÇÃO AÇÚCAR,,2017-01-01 00:00:00.000000,2017-01-01 00:00:00.000000,59
367,FZ-30-TU01,TUBULACAO PREPARO LEITE CAL,,2017-01-01 00:00:00.000000,2017-01-01 00:00:00.000000,59
368,FZ-40-SB01,BOMBEAMENTO POLÍMERO DECANTADOR,,2017-01-01 00:00:00.000000,2017-01-01 00:00:00.000000,60
369,FZ-40-TU01,TUB CENTRAL PROD QUIMICOS FABR. ACUCAR,,2017-01-01 00:00:00.000000,2017-01-01 00:00:00.000000,60
370,HD-10-PD01,PRÉDIO DEST D ÁLCOOL/PENEIRA MOLECULAR,,2017-01-01 00:00:00.000000,2017-01-01 00:00:00.000000,61
371,HD-10-SE01,SIST ELÉTRICOS DESTILAÇÃO DO ÁLCOOL,,2017-01-01 00:00:00.000000,2017-01-01 00:00:00.000000,61
372,HD-10-YA01,SISTEMA SUPERVISORIO DA DESTILAÇÃO,,2017-01-01 00:00:00.000000,2017-01-01 00:00:00.000000,61
373,HD-20-AP01,APARELHO DESTILAÇÃO Nº1,,2017-01-01 00:00:00.000000,2017-01-01 00:00:00.000000,62
374,HD-20-AP02,APARELHO DESTILAÇÃO Nº2,,2017-01-01 00:00:00.000000,2017-01-01 00:00:00.000000,62
375,HD-20-AP03,APARELHO DESTILAÇÃO Nº3,,2017-01-01 00:00:00.000000,2017-01-01 00:00:00.000000,62
376,HD-20-TU01,TUBULACAO DESTILACAO DE ALCOOL,,2017-01-01 00:00:00.000000,2017-01-01 00:00:00.000000,62
377,HF-10-DP01,EQUIP DE MANUT DESTILARIA,,2017-01-01 00:00:00.000000,2017-01-01 00:00:00.000000,64
378,HF-10-PD01,PREDIO DO PREPARO DO MOSTO E FERMENTAÇÃO,,2017-01-01 00:00:00.000000,2017-01-01 00:00:00.000000,64
379,HF-10-RR01,EQUIP RESERVA DESTILARIA,,2017-01-01 00:00:00.000000,2017-01-01 00:00:00.000000,64
380,HF-10-SE01,SIST ELÉTRICOS FERMENTAÇÃO DO MOSTO,,2017-01-01 00:00:00.000000,2017-01-01 00:00:00.000000,64
381,HF-20-KL01,TROCADORES CALOR PREPARO MOSTO,,2017-01-01 00:00:00.000000,2017-01-01 00:00:00.000000,65
382,HF-20-SB01,TANCAGEM E DISTRIB MEL PREPARO MOSTO,,2017-01-01 00:00:00.000000,2017-01-01 00:00:00.000000,65
383,HF-20-SB02,SIST BOMBEAMENTO FLEGMASSA,,2017-01-01 00:00:00.000000,2017-01-01 00:00:00.000000,65
384,HF-20-SB03,SIST ÁGUA TRATADA PREPARO MOSTO,,2017-01-01 00:00:00.000000,2017-01-01 00:00:00.000000,65
385,HF-20-SB04,SIST DE BOMBEAMENTO ÁGUA P/ FERMENTAÇÃO,,2017-01-01 00:00:00.000000,2017-01-01 00:00:00.000000,65
386,HF-20-TU01,TUBULACAO PREPARO DE MOSTO,,2017-01-01 00:00:00.000000,2017-01-01 00:00:00.000000,65
387,HF-30-BB01,BOMBA FUNDO DE DORNA PARA VOLANTE,,2017-01-01 00:00:00.000000,2017-01-01 00:00:00.000000,66
388,HF-30-FT01,FILTR SIST BOMBEA VINHO LEVURADO Nº 01,,2017-01-01 00:00:00.000000,2017-01-01 00:00:00.000000,66
389,HF-30-FT02,FILTR SIST BOMBEA VINHO LEVURADO Nº 02,,2017-01-01 00:00:00.000000,2017-01-01 00:00:00.000000,66
390,HF-30-FT03,FILTR SIST BOMBEA VINHO LEVURADO Nº 03,,2017-01-01 00:00:00.000000,2017-01-01 00:00:00.000000,66
391,HF-30-SB01,SIST BOMB VINH LED DORNA PULMÃO CENTRÍF,,2017-01-01 00:00:00.000000,2017-01-01 00:00:00.000000,66
392,HF-30-SB02,SISTEMA DE LAVAGEM DE CO2,,2017-01-01 00:00:00.000000,2017-01-01 00:00:00.000000,66
393,HF-30-TQ01,DORNA FERMENTAÇÃO 1,,2017-01-01 00:00:00.000000,2017-01-01 00:00:00.000000,66
394,HF-30-TQ02,DORNA FERMENTAÇÃO 2,,2017-01-01 00:00:00.000000,2017-01-01 00:00:00.000000,66
395,HF-30-TQ03,DORNA FERMENTAÇÃO 3,,2017-01-01 00:00:00.000000,2017-01-01 00:00:00.000000,66
396,HF-30-TQ04,DORNA FERMENTAÇÃO 4,,2017-01-01 00:00:00.000000,2017-01-01 00:00:00.000000,66
397,HF-30-TQ05,DORNA FERMENTAÇÃO 5,,2017-01-01 00:00:00.000000,2017-01-01 00:00:00.000000,66
398,HF-30-TQ06,DORNA FERMENTAÇÃO 6,,2017-01-01 00:00:00.000000,2017-01-01 00:00:00.000000,66
399,HF-30-TU01,TUBULACAO VINHO LEVURADO E CO²,,2017-01-01 00:00:00.000000,2017-01-01 00:00:00.000000,66
400,HF-40-CF01,CENTRÍFUGA FERMENTO Nº1,,2017-01-01 00:00:00.000000,2017-01-01 00:00:00.000000,67
401,HF-40-CF02,CENTRÍFUGA FERMENTO Nº2,,2017-01-01 00:00:00.000000,2017-01-01 00:00:00.000000,67
402,HF-40-CF03,CENTRÍFUGA FERMENTO Nº3,,2017-01-01 00:00:00.000000,2017-01-01 00:00:00.000000,67
403,HF-40-CF04,CENTRÍFUGA FERMENTO Nº4,,2017-01-01 00:00:00.000000,2017-01-01 00:00:00.000000,67
404,HF-40-SB01,BOMB VINHO DELEV DORNA VOLANT P/ APARELH,,2017-01-01 00:00:00.000000,2017-01-01 00:00:00.000000,67
405,HF-40-TU01,TUBULACAO ALCOOL SEGUNDA,,2017-01-01 00:00:00.000000,2017-01-01 00:00:00.000000,67
406,HF-50-CP01,BBA COMPRESSOR FERMENTAÇÃO,,2017-01-01 00:00:00.000000,2017-01-01 00:00:00.000000,68
407,HF-50-SB01,BOMBEA FERMENTO TRATADO PARA FERMENTAÇÃO,,2017-01-01 00:00:00.000000,2017-01-01 00:00:00.000000,68
408,HF-50-TQ01,CUBA FERMENTO Nº1,,2017-01-01 00:00:00.000000,2017-01-01 00:00:00.000000,68
409,HF-50-TQ02,CUBA FERMENTO Nº2,,2017-01-01 00:00:00.000000,2017-01-01 00:00:00.000000,68
410,HF-50-TQ03,CUBA FERMENTO Nº3,,2017-01-01 00:00:00.000000,2017-01-01 00:00:00.000000,68
411,HF-50-TU01,TUBULACAO TRATAMENTO DE LEVEDO,,2017-01-01 00:00:00.000000,2017-01-01 00:00:00.000000,68
412,HZ-10-IE01,SIST ELÉTRICOS SIST AUX. FABR. ÁLCOOL,,2017-01-01 00:00:00.000000,2017-01-01 00:00:00.000000,69
413,HZ-10-PD01,PR DOS SIST AUXILIARES FABR. ÁLCOOL,,2017-01-01 00:00:00.000000,2017-01-01 00:00:00.000000,69
414,HZ-20-SB01,SIST PREPARO E DILUIÇÃO SODA,,2017-01-01 00:00:00.000000,2017-01-01 00:00:00.000000,70
415,HZ-20-SB02,ARMAZENAMENTO E DOSAGEM SODA CÁUSTICA,,2017-01-01 00:00:00.000000,2017-01-01 00:00:00.000000,70
416,HZ-20-SB03,TQ DOSAGEM DE SODA NOS APARELHOS,,2017-01-01 00:00:00.000000,2017-01-01 00:00:00.000000,70
417,HZ-20-SB04,ARMAZENAMENTO E DOSAGEM ÁCIDO SULFÚRICO,,2017-01-01 00:00:00.000000,2017-01-01 00:00:00.000000,70
418,HZ-20-SB05,ARMAZENAMENTO E DOSAGEM ANTI-ESPUMANTE,,2017-01-01 00:00:00.000000,2017-01-01 00:00:00.000000,70
419,HZ-20-SB06,ARMAZENAMENTO E DOSAGEM CICLO-HEXANO,,2017-01-01 00:00:00.000000,2017-01-01 00:00:00.000000,70
420,HZ-20-TU01,TUB ARMAZ INSUM SIST AUX FABR ALCOOL,,2017-01-01 00:00:00.000000,2017-01-01 00:00:00.000000,70
421,HZ-40-SB01,SIST MED/ DISTRIB ÁLCOOL 2ª E ÓLEO FÚSEL,,2017-01-01 00:00:00.000000,2017-01-01 00:00:00.000000,72
422,HZ-60-SB01,SIST BOMB VINHAÇA ÁREA INDUSTRIAL,,2017-01-01 00:00:00.000000,2017-01-01 00:00:00.000000,74
423,HZ-60-SB02,BOMBEAMENTO VINHAÇA NADIM,,2017-01-01 00:00:00.000000,2017-01-01 00:00:00.000000,74
424,HZ-60-SB03,BOMBEAMENTO VINHAÇA BOA VISTA,,2017-01-01 00:00:00.000000,2017-01-01 00:00:00.000000,74
425,HZ-60-SE01,SISTEMAS ELÉTRICOS RESFRIAMENTO VINHAÇA,,2017-01-01 00:00:00.000000,2017-01-01 00:00:00.000000,74
426,HZ-60-TQ01,TORRE VINHAÇA N°1,,2017-01-01 00:00:00.000000,2017-01-01 00:00:00.000000,74
427,HZ-60-TQ02,TORRE VINHAÇA N°2,,2017-01-01 00:00:00.000000,2017-01-01 00:00:00.000000,74
428,HZ-70-TQ01,CAIXA ÁGUA DESTILARIA,,2017-01-01 00:00:00.000000,2017-01-01 00:00:00.000000,75
429,HZ-70-TU01,TUBULACAO AGUA SIST. RESFR FABRIC ALCOOL,,2017-01-01 00:00:00.000000,2017-01-01 00:00:00.000000,75
430,UA-10-IE01,SIST ELÉTRICOS ÁGUAS INDUSTRIAIS,,2017-01-01 00:00:00.000000,2017-01-01 00:00:00.000000,76
431,UA-10-PD01,PRÉDIO DA ETA E CASA DE BBAS,,2017-01-01 00:00:00.000000,2017-01-01 00:00:00.000000,76
432,UA-10-RR01,EQUIP RESERVA,,2017-01-01 00:00:00.000000,2017-01-01 00:00:00.000000,76
433,UA-20-IE01,CCM CASA DE BOMBA FABRICAÇÃO,,2017-01-01 00:00:00.000000,2017-01-01 00:00:00.000000,77
434,UA-20-IE02,CCM BBAS ÁGUA P/ DESTILARIA FERMENTAÇÃO,,2017-01-01 00:00:00.000000,2017-01-01 00:00:00.000000,77
435,UA-20-SB01,BOMBEAMENTO ÁGUA P/ FABRICAÇÃO DE AÇUCAR,,2017-01-01 00:00:00.000000,2017-01-01 00:00:00.000000,77
436,UA-20-SB02,CAPTAÇÃO DE ÁGUA BRUTA P/ DESTILARIA,,2017-01-01 00:00:00.000000,2017-01-01 00:00:00.000000,77
437,UA-20-TQ01,LAGOA CAPTAÇÃO ÁGUAS INDUSTRIAIS,,2017-01-01 00:00:00.000000,2017-01-01 00:00:00.000000,77
438,UA-20-TU01,TUBULACAO CAPT/DISTRIB AGUA BRUTA,,2017-01-01 00:00:00.000000,2017-01-01 00:00:00.000000,77
439,UA-30-BB01,BOMBA DOSADORA DE CLORO TRAT ÁGUA,,2017-01-01 00:00:00.000000,2017-01-01 00:00:00.000000,78
440,UA-30-TU01,TUBULACAO AGUA TRATADA ETA,,2017-01-01 00:00:00.000000,2017-01-01 00:00:00.000000,78
441,UA-50-SB01,SIST BOMB ÁGUA DO POÇO,,2017-01-01 00:00:00.000000,2017-01-01 00:00:00.000000,80
442,UA-50-SB02,SIST BOMBEAM AGUA DO POÇO,,2017-01-01 00:00:00.000000,2017-01-01 00:00:00.000000,80
443,UA-50-SB03,SIST CAIXA D ÁGUA PEQUENA,,2017-01-01 00:00:00.000000,2017-01-01 00:00:00.000000,80
444,UA-60-BB01,SISTEMA BBAMENTO ÁGUA SUJA DAS OFICINAS,,2017-01-01 00:00:00.000000,2017-01-01 00:00:00.000000,81
445,UA-60-TQ01,LAGOAS DE SEDIMENTAÇÃO,,2017-01-01 00:00:00.000000,2017-01-01 00:00:00.000000,81
446,UA-60-TU01,TUBULACAO AGUAS RESIDUARIAS,,2017-01-01 00:00:00.000000,2017-01-01 00:00:00.000000,81
447,UA-80-SB01,BBAMENTO ÁGUA BRIGADA DE INCÊNDIO,,2017-01-01 00:00:00.000000,2017-01-01 00:00:00.000000,83
448,UA-80-TU01,TUBULACAO SISTEMA COMBATE INCENDIO,,2017-01-01 00:00:00.000000,2017-01-01 00:00:00.000000,83
449,UA-80-VC01,VEICULOS BRIGADA INCÊNDIO,,2017-01-01 00:00:00.000000,2017-01-01 00:00:00.000000,83
450,UC-10-PD01,PRÉDIO DA CENTRAL DE AR COMPRIMIDO,,2017-01-01 00:00:00.000000,2017-01-01 00:00:00.000000,84
451,UC-10-RR01,EQUIP RESERVA AR COMPRIMIDO,,2017-01-01 00:00:00.000000,2017-01-01 00:00:00.000000,84
452,UC-10-SE01,SIST ELÉTRICOS AR COMPRIMIDO,,2017-01-01 00:00:00.000000,2017-01-01 00:00:00.000000,84
453,UC-20-CP01,COMPRESSORES DA F AÇÚCAR,,2017-01-01 00:00:00.000000,2017-01-01 00:00:00.000000,85
454,UC-20-CP02,COMPRESSORES DA F AÇÚCAR Nº 02,,2017-01-01 00:00:00.000000,2017-01-01 00:00:00.000000,85
455,UC-20-CP03,COMPRESSORES DA F AÇÚCAR,,2017-01-01 00:00:00.000000,2017-01-01 00:00:00.000000,85
456,UC-20-CP04,COMPRESSORES DA F AÇÚCAR Nº 04,,2017-01-01 00:00:00.000000,2017-01-01 00:00:00.000000,85
457,UC-20-CP05,COMPRESSOR DESTILARIA Nº 01,,2017-01-01 00:00:00.000000,2017-01-01 00:00:00.000000,85
458,UC-20-CP06,COMPRESSOR DESTILARIA Nº 02,,2017-01-01 00:00:00.000000,2017-01-01 00:00:00.000000,85
459,UC-20-CP07,COMPRESSOR DESTILARIA Nº 03,,2017-01-01 00:00:00.000000,2017-01-01 00:00:00.000000,85
460,UC-20-CP08,COMPRESSOR SULLAIR ROTATIVO,,2017-01-01 00:00:00.000000,2017-01-01 00:00:00.000000,85
461,UC-20-TQ01,VASO DE AR COMPRIMIDO,,2017-01-01 00:00:00.000000,2017-01-01 00:00:00.000000,85
462,UC-20-TU01,TUBULACAO SISTEMA AR COMPRIMIDO,,2017-01-01 00:00:00.000000,2017-01-01 00:00:00.000000,85
463,UE-10-DP01,FERRAMENTAS DE OPERAÇÃO / MANUTENÇÃO,,2017-01-01 00:00:00.000000,2017-01-01 00:00:00.000000,87
464,UE-10-IE01,SIST ELÉTRICOS GERAÇÃO DE ENERGIA ELÉTR,,2017-01-01 00:00:00.000000,2017-01-01 00:00:00.000000,87
465,UE-10-PD01,PRÉDIO DOS GERADORES/SUBESTAÇÕES,,2017-01-01 00:00:00.000000,2017-01-01 00:00:00.000000,87
466,UE-10-RR01,EQUIP RESERVA GERAÇÃO DE ENERGIA ELÉTR,,2017-01-01 00:00:00.000000,2017-01-01 00:00:00.000000,87
467,UE-10-YA01,CONTR GERAÇÃO ENERGIA ELÉTRICA,,2017-01-01 00:00:00.000000,2017-01-01 00:00:00.000000,87
468,UE-30-GE01,GERADOR N°1,,2017-01-01 00:00:00.000000,2017-01-01 00:00:00.000000,89
469,UE-30-GE02,GERADOR N°2,,2017-01-01 00:00:00.000000,2017-01-01 00:00:00.000000,89
470,UE-30-GE03,GERADOR N°3,,2017-01-01 00:00:00.000000,2017-01-01 00:00:00.000000,89
471,UE-30-GE04,GERADOR N°4,,2017-01-01 00:00:00.000000,2017-01-01 00:00:00.000000,89
472,UE-30-IE01,SUB-ESTAÇÃO GERADOR Nº1,,2017-01-01 00:00:00.000000,2017-01-01 00:00:00.000000,89
473,UE-30-IE02,SUB-ESTAÇÃO GERADOR Nº2,,2017-01-01 00:00:00.000000,2017-01-01 00:00:00.000000,89
474,UE-30-IE03,SUB-ESTAÇÃO GERADOR Nº3,,2017-01-01 00:00:00.000000,2017-01-01 00:00:00.000000,89
475,UE-30-IE04,CA 01 MOENDA,,2017-01-01 00:00:00.000000,2017-01-01 00:00:00.000000,89
476,UE-30-IE05,CA 02 CALDEIRAS Nº 3 4,,2017-01-01 00:00:00.000000,2017-01-01 00:00:00.000000,89
477,UE-30-IE06,CA 03 CALDEIRAS Nº 1 2,,2017-01-01 00:00:00.000000,2017-01-01 00:00:00.000000,89
478,UE-30-IE07,CA 04 DESTILARIA E CALDEIRARIA,,2017-01-01 00:00:00.000000,2017-01-01 00:00:00.000000,89
479,UE-30-IE08,CA 05 CASA DE BOMBAS E PORT/PRIN,,2017-01-01 00:00:00.000000,2017-01-01 00:00:00.000000,89
480,UE-30-IE09,CA 06 FABRICAÇÃO,,2017-01-01 00:00:00.000000,2017-01-01 00:00:00.000000,89
481,UE-30-IE10,CA 07 BOMBEAMETO DE AGUA SUJA E SPRAY,,2017-01-01 00:00:00.000000,2017-01-01 00:00:00.000000,89
482,UE-30-IE11,CA 08 CPFL,,2017-01-01 00:00:00.000000,2017-01-01 00:00:00.000000,89
483,UE-30-IE12,CA 09 GERADOR 1 1500KVA DISJ ENTR,,2017-01-01 00:00:00.000000,2017-01-01 00:00:00.000000,89
484,UE-30-IE13,CA 10 GERADOR 2 1500KVA DISJ ENTR,,2017-01-01 00:00:00.000000,2017-01-01 00:00:00.000000,89
485,UE-30-IE14,CA 11 GERADOR 3 1500KVA DISJ ENTR,,2017-01-01 00:00:00.000000,2017-01-01 00:00:00.000000,89
486,UE-30-IN01,INSUFLAMENTO ACIONAMENTO GERADORES,,2017-01-01 00:00:00.000000,2017-01-01 00:00:00.000000,89
487,UE-30-IN02,INSUFLAMENTO PAINEL GERADORES,,2017-01-01 00:00:00.000000,2017-01-01 00:00:00.000000,89
488,UE-30-SB01,SIST ÁGUA MANCAIS P/ DESTILARIA,,2017-01-01 00:00:00.000000,2017-01-01 00:00:00.000000,89
489,UE-40-IE01,SUBESTAÇÃO MOENDA,,2017-01-01 00:00:00.000000,2017-01-01 00:00:00.000000,90
490,UE-40-IE02,SUBESTAÇÃO CALDEIRAS Nº 1 2,,2017-01-01 00:00:00.000000,2017-01-01 00:00:00.000000,90
491,UE-40-IE03,SUBESTAÇÃO CALDEIRAS Nº 3 4,,2017-01-01 00:00:00.000000,2017-01-01 00:00:00.000000,90
492,UE-40-IE04,SUBESTAÇÃO FABRICAÇÃO,,2017-01-01 00:00:00.000000,2017-01-01 00:00:00.000000,90
493,UE-40-IE05,SUBESTAÇÃO CASA DE BOMBAS RIO JAU,,2017-01-01 00:00:00.000000,2017-01-01 00:00:00.000000,90
494,UE-40-IE06,SUBESTAÇÃO BOMBAS DE AGUA SUJA,,2017-01-01 00:00:00.000000,2017-01-01 00:00:00.000000,90
495,UE-40-IE07,SUBESTAÇÃO SPRAY FABRICAÇÃO,,2017-01-01 00:00:00.000000,2017-01-01 00:00:00.000000,90
496,UE-40-IE08,SUBESTAÇÃO DESTILARIA,,2017-01-01 00:00:00.000000,2017-01-01 00:00:00.000000,90
497,UE-40-IE09,SUB-ESTAÇÃO DESTILARIA,,2017-01-01 00:00:00.000000,2017-01-01 00:00:00.000000,90
498,UE-40-IE10,SUB-ESTAÇÃO RESTAURANTE,,2017-01-01 00:00:00.000000,2017-01-01 00:00:00.000000,90
499,UE-40-IE11,SUB-ESTAÇÃO CASA DAS BOMBAS,,2017-01-01 00:00:00.000000,2017-01-01 00:00:00.000000,90
500,UE-40-IE12,SUB-ESTAÇÃO FABRICA CENTRIFUGA,,2017-01-01 00:00:00.000000,2017-01-01 00:00:00.000000,90
501,UE-40-IE13,SUB-ESTAÇÃO MOENDA ÁGUA SUJA,,2017-01-01 00:00:00.000000,2017-01-01 00:00:00.000000,90
502,UE-40-IE14,SUB-ESTAÇÃO CALDEIRARIA,,2017-01-01 00:00:00.000000,2017-01-01 00:00:00.000000,90
503,UE-40-IE15,SUB-ESTAÇÃO CONTROLE TRAFEGO PORTARIA 1,,2017-01-01 00:00:00.000000,2017-01-01 00:00:00.000000,90
504,UE-40-IE16,SUB-ESTAÇÃO POÇO ARTESEIANO,,2017-01-01 00:00:00.000000,2017-01-01 00:00:00.000000,90
505,UE-40-IE17,RECP INDUSTRIAL E LABO,,2017-01-01 00:00:00.000000,2017-01-01 00:00:00.000000,90
506,UE-40-IE18,SUB-ESTAÇÃO ESCRI CENTRAL BARRACÃO ADUBO,,2017-01-01 00:00:00.000000,2017-01-01 00:00:00.000000,90
507,UE-40-IE19,SUB-ESTAÇÃO PATIO ADIBO,,2017-01-01 00:00:00.000000,2017-01-01 00:00:00.000000,90
508,UE-40-IE20,SUB-ESTAÇÃO FAZENDA BOA VISTA NADIN,,2017-01-01 00:00:00.000000,2017-01-01 00:00:00.000000,90
509,UG-10-CP01,COMPRESSOR DE AR CALDEIRA 3 E 4,,2017-01-01 00:00:00.000000,2017-01-01 00:00:00.000000,92
510,UG-10-PD01,PRÉDIO DA GERAÇÃO VAPOR E SIST DE BAGAÇO,,2017-01-01 00:00:00.000000,2017-01-01 00:00:00.000000,92
511,UG-10-RR01,EQUIP RESERVA GERAÇÃO DE VAPOR,,2017-01-01 00:00:00.000000,2017-01-01 00:00:00.000000,92
512,UG-10-SE01,SIST ELÉTRICOS GERAÇÃO DE VAPOR,,2017-01-01 00:00:00.000000,2017-01-01 00:00:00.000000,92
513,UG-10-VC01,MAQUINAS INDUSTRIAIS BAGAÇO,,2017-01-01 00:00:00.000000,2017-01-01 00:00:00.000000,92
514,UG-20-TP01,ESTEIRA ELEVAÇÃO MOENDA/CALDEIRA,,2017-01-01 00:00:00.000000,2017-01-01 00:00:00.000000,93
515,UG-20-TP02,"ESTEIRA BAGAÇO ALIMENTAÇÃO CALD Nº3,4",,2017-01-01 00:00:00.000000,2017-01-01 00:00:00.000000,93
516,UG-20-TP03,"ESTEIRA BAGAÇO ALIMENTAÇÃO CALD Nº1,2",,2017-01-01 00:00:00.000000,2017-01-01 00:00:00.000000,93
517,UG-20-TP04,"ESTEIRA RETORNO BAGAÇO P/ CALD Nº1,2,3,4",,2017-01-01 00:00:00.000000,2017-01-01 00:00:00.000000,93
518,UG-20-TP05,ESTEIRA DOSADORA DE BAGAÇO RETORNO,,2017-01-01 00:00:00.000000,2017-01-01 00:00:00.000000,93
519,UG-20-TP06,ESTEIRA DE BORRACHA DEPOSITO DE BAGAÇO,,2017-01-01 00:00:00.000000,2017-01-01 00:00:00.000000,93
520,UG-20-TP07,"ESTEIRA ALIM TRANSVERSAL CINZA CAL N°1,2",,2017-01-01 00:00:00.000000,2017-01-01 00:00:00.000000,93
521,UG-20-TP08,"ESTEIRA RET TRANSVERSAL AMARELA CALD 1,2",,2017-01-01 00:00:00.000000,2017-01-01 00:00:00.000000,93
522,UG-30-GV01,CALDEIRA Nº 01,,2017-01-01 00:00:00.000000,2017-01-01 00:00:00.000000,94
523,UG-30-GV02,CALDEIRA Nº 02,,2017-01-01 00:00:00.000000,2017-01-01 00:00:00.000000,94
524,UG-30-GV03,CALDEIRA Nº 03,,2017-01-01 00:00:00.000000,2017-01-01 00:00:00.000000,94
525,UG-30-GV04,CALDEIRA Nº 04,,2017-01-01 00:00:00.000000,2017-01-01 00:00:00.000000,94
526,UG-30-TQ01,LAVADOR DE GAS CALD 1 E 2,,2017-01-01 00:00:00.000000,2017-01-01 00:00:00.000000,94
527,UG-30-TQ02,CHAMINÉ DAS CALD 1 E 2,,2017-01-01 00:00:00.000000,2017-01-01 00:00:00.000000,94
528,UG-40-SB01,SIST BOMBEAMENTO ÁGUA CALDEIRAS,,2017-01-01 00:00:00.000000,2017-01-01 00:00:00.000000,95
529,UG-40-TQ01,CX ÁGUA CONDENSADA AMONIACAL,,2017-01-01 00:00:00.000000,2017-01-01 00:00:00.000000,95
530,UG-40-TQ02,CX ÁGUA CONDENSADA ALIMENT DE CALDEIRA,,2017-01-01 00:00:00.000000,2017-01-01 00:00:00.000000,95
531,UG-40-TQ03,CX DILUIÇÃO SODA,,2017-01-01 00:00:00.000000,2017-01-01 00:00:00.000000,95
532,UG-40-TQ04,DESAREADOR,,2017-01-01 00:00:00.000000,2017-01-01 00:00:00.000000,95
533,UG-40-TU01,TUBULACAO AGUA ALIMENTACAO CALDEIRAS,,2017-01-01 00:00:00.000000,2017-01-01 00:00:00.000000,95
534,UG-50-FP01,FILTRO PRENSA,,2017-01-01 00:00:00.000000,2017-01-01 00:00:00.000000,96
535,UG-50-PN01,PENEIRAS ESTÁTICAS,,2017-01-01 00:00:00.000000,2017-01-01 00:00:00.000000,96
536,UG-50-SB01,BOMB ÁGUA COM FULIGEM CALD EMBORRACH,,2017-01-01 00:00:00.000000,2017-01-01 00:00:00.000000,96
537,UG-50-SB02,BOMBEAMENTO ÁGUA LIMPA LAVAGEM FULIGEM,,2017-01-01 00:00:00.000000,2017-01-01 00:00:00.000000,96
538,UG-50-SB03,BOMB DE LODO DO DECANTADOR DE FULIGEM,,2017-01-01 00:00:00.000000,2017-01-01 00:00:00.000000,96
539,UG-50-TP01,ROSCA CLASSIFICADORA DE FULIGEM,,2017-01-01 00:00:00.000000,2017-01-01 00:00:00.000000,96
540,UG-50-TQ01,DECANTADOR FULIGEM (DESAREIADOR),,2017-01-01 00:00:00.000000,2017-01-01 00:00:00.000000,96
541,UG-50-TQ02,MOEGA DE CARREGAMENTO DE FULIGEM,,2017-01-01 00:00:00.000000,2017-01-01 00:00:00.000000,96
542,UG-50-TU01,TUBULACAO SISTEMA RETENCAO FULIGEM,,2017-01-01 00:00:00.000000,2017-01-01 00:00:00.000000,96
543,UG-60-TU01,TUBULACAO DISTRIBUICAO DE VAPOR,,2017-01-01 00:00:00.000000,2017-01-01 00:00:00.000000,97
544,UG-60-TU02,TUB SIST REDUCAO DE VAPOR DIRETO/ESCAPE,,2017-01-01 00:00:00.000000,2017-01-01 00:00:00.000000,97
545,UG-60-TU03,TUBULACAO SIST REDUCAO VAPOR ESCAPE/V1,,2017-01-01 00:00:00.000000,2017-01-01 00:00:00.000000,97
546,ZA-10-IE01,SIST ELÉTRICOS ARMAZÉNS,,2017-01-01 00:00:00.000000,2017-01-01 00:00:00.000000,98
547,ZA-10-RR01,EQUIP RESERVA ARMAZÉM,,2017-01-01 00:00:00.000000,2017-01-01 00:00:00.000000,98
548,ZA-10-VC01,VEICULOS ARMAZÉM,,2017-01-01 00:00:00.000000,2017-01-01 00:00:00.000000,98
549,ZA-20-PD01,PRÉDIO DE ARMAZEM DE AÇÚCAR,,2017-01-01 00:00:00.000000,2017-01-01 00:00:00.000000,99
550,ZA-20-PD02,ARMAZÉNS DE AÇÚCAR,,2017-01-01 00:00:00.000000,2017-01-01 00:00:00.000000,99
551,ZA-20-PD03,ARMAZÉNS DE AÇÚCAR ALUGADOS (INT/EXT),,2017-01-01 00:00:00.000000,2017-01-01 00:00:00.000000,99
552,ZA-30-TP01,ESTEIRA DOS SILOS,,2017-01-01 00:00:00.000000,2017-01-01 00:00:00.000000,100
553,ZA-30-TP02,ESTEIRA EMPILHADEIRA INTERNA,,2017-01-01 00:00:00.000000,2017-01-01 00:00:00.000000,100
554,ZT-10-IE01,SIST ELÉTRICOS TANCAGEM,,2017-01-01 00:00:00.000000,2017-01-01 00:00:00.000000,101
555,ZT-10-PD01,PRÉDIO DO CARREGAMENTO DE ÁLCOOL,,2017-01-01 00:00:00.000000,2017-01-01 00:00:00.000000,101
556,ZT-10-RR01,EQUIP RESERVA TANCAGEM DE ÁLCOOL,,2017-01-01 00:00:00.000000,2017-01-01 00:00:00.000000,101
557,ZT-20-TQ01,TANQUE 01 ÁLCOOL 2.000 M³ (TQ 01),,2017-01-01 00:00:00.000000,2017-01-01 00:00:00.000000,102
558,ZT-20-TQ02,TANQUE 02 ÁLCOOL 3.000 M³ (TQ 02),,2017-01-01 00:00:00.000000,2017-01-01 00:00:00.000000,102
559,ZT-20-TQ03,TANQUE 03 ÁLCOOL 250 M³ (TQ 03),,2017-01-01 00:00:00.000000,2017-01-01 00:00:00.000000,102
560,ZT-20-TQ04,TANQUE 04 ÁLCOOL 5.200 M³ (TQ 04),,2017-01-01 00:00:00.000000,2017-01-01 00:00:00.000000,102
561,ZT-20-TQ05,TANQUE 05 ÁLCOOL 3.000 M³ (TQ 05),,2017-01-01 00:00:00.000000,2017-01-01 00:00:00.000000,102
562,ZT-20-TQ06,TANQUE 06 ÁLCOOL 3.000 M³ (TQ 06),,2017-01-01 00:00:00.000000,2017-01-01 00:00:00.000000,102
563,ZT-20-TQ07,TANQUE 07 ÁLCOOL 3.000 M³ (TQ 07),,2017-01-01 00:00:00.000000,2017-01-01 00:00:00.000000,102
564,ZT-20-TQ08,TANQUE 08 ÁLCOOL 5.200 M³ (TQ 08),,2017-01-01 00:00:00.000000,2017-01-01 00:00:00.000000,102
565,ZT-20-TQ09,TANQUE 09 ÁLCOOL 5.200 M³ (TQ 09),,2017-01-01 00:00:00.000000,2017-01-01 00:00:00.000000,102
566,ZT-20-TQ10,TANQUE 10 ÁLCOOL 3.000 M³ (TQ 10),,2017-01-01 00:00:00.000000,2017-01-01 00:00:00.000000,102
567,ZT-20-TU01,TUBULACAO TANCAGEM E CARREGAMENTO ALCOOL,,2017-01-01 00:00:00.000000,2017-01-01 00:00:00.000000,102
568,ZT-30-TQ01,TANQUE 01 MEL 788 M³ PRÓXIMO CALDEIRARIA,,2017-01-01 00:00:00.000000,2017-01-01 00:00:00.000000,103
569,ZT-30-TQ02,TANQUE 02 MEL M³ PRÓXIMO FERMENTAÇÃO,,2017-01-01 00:00:00.000000,2017-01-01 00:00:00.000000,103
570,ZT-30-TQ03,TANQUE 03 MEL 1.500 M³ PARQUE DE TANQUES,,2017-01-01 00:00:00.000000,2017-01-01 00:00:00.000000,103
